Panel Firm,Panel Type,Firm Name,Contact Name,Website,Phone Number,Email,Practice Areas/Group,Address 1,Address 2,Address 3,Address 4,Address 5,Address 6,Address 7,Address 8,Address 9,Address 10,Address 11,Address 12,Address 13,Address 14,Address 15,Address 16,Address 17,Address 18,Address 19,Address 20,Address 21,Address 22,Address 23,Address 24,Address 25,Address 26,Address 27,Address 28,Address 29,,,,,,,
Y,,Kirkland & Ellis,Dillian Drake,kirkland.com,877-541-4855,contact@kirkland.com,"Corporate, Litigation And Corporate","401 Congress Avenue Austin, TX 78701 United States","555 California Street 27th Floor San Francisco, CA 94104 United States","58th Floor, China World Tower A No. 1 Jian Guo Men Wai Avenue Beijing 100004 P.R. China","200 Clarendon Street Boston, MA 02116 United States",Kirkland & Ellis International II LLPKunstlaan — Avenue des Arts 6-9 1210 Brussels Belgium,"300 North LaSalle Chicago, IL 60654 United States","4550 Travis Street Dallas, TX 75205 United States","Kirkland & Ellis26th Floor, Gloucester Tower The Landmark 15 Queen's Road Central Hong Kong","609 Main Street Houston, TX 77002 United States","Kirkland & Ellis International LLP30 St Mary AxeLondon, EC3A 8AF United Kingdom","555 South Flower Street Suite 3700 Los Angeles, CA 90071 United States","Three Brickell City Centre 98 S.E. 7th Street, Suite 700 Miami, FL 33131","Kirkland & Ellis International LLPMaximilianstrasse 11Munich, 80539 Germany","601 Lexington Avenue New York, NY 10022 United States",43-45 Avenue Kléber 75116 Paris France,"95 South State Street Salt Lake City, UT 84111 United States","11th Floor, HSBC Building, Shanghai IFC 8 Century Avenue, Pudong New District 200120 Shanghai P.R. China","1301 Pennsylvania Avenue, N.W. Washington, D.C. 20004 United States","300 N La Salle Dr Ste 2400 Chicago, IL, 60654-5412",,,,,,,,,,,,,,,,,
Y,Global,Quinn Emanuel Urquhart & Sullivan,Davina Burton,quinnemanuel.com,305 402-4880,elizabethurquhart@quinnemanuel.com,Litigation,"1200 Abernathy RoadSuite 1500Atlanta, GA 30328","300 West 6th St, Suite 2010Austin, TX 78701","Unit 1301, 13 Floor, Central Park Plaza 10 Chaoyang Park South Road, Chaoyang District Beijing 100026 China",Walter-Benjamin-Platz 610629 Berlin Germany,"111 Huntington Ave, Suite 520Boston, MA 02199",Blue TowerAvenue Louise 3265th Floor1050 BrusselsBelgium,"191 N. Wacker Drive, Suite 2700Chicago, Illinois 60606","3100 McKinnon St, Suite 1125Dallas, TX 75201","Quinn Emanuel Urquhart & Sullivan LLP (Doha, QFC Branch)24th FloorTornado Tower Majlis Al Taawon StreetBuilding 17, Zone 60 Diplomatic District West Bay AreaDoha, State of Qatar",An der Alster 320099 HamburgGermany,"4501-03 Lippo Centre, Tower One89 Queensway, AdmiraltyHong Kong","Houston, TX 77002",90 High HolbornLondon WC1V 6LJUnited Kingdom,"865 S. Figueroa St., 10th Floor Los Angeles, California 90017",Mollstraße 42 68165 Mannheim Germany,"2601 South Bayshore Dr, Suite 1550Miami, FL 33133","51 Madison Avenue, 22nd Floor,New York, New York 10010",6 rue Lamennais75008 Paris France,Ground Floor (Fern)79 St Georges TerracePerth WA 6000Australia,"Al Madar Tower, 7th Floor 2277 Makkah Al Mukarramah- Al Olaya Dist. Cairo Square Unit No. 120 Riyadh 12611 – 9191 Kingdom of Saudi Arabia","2755 E. Cottonwood Parkway, Suite 430Salt Lake City, Utah 84121","50 California Street, 22nd FloorSan Francisco, California 94111","1109 First Avenue,Suite 210Seattle, WA 98101","3 Fenyang Road, Xuhui DistrictShanghai 200031China","555 Twin Dolphin Dr., 5th Floor Redwood Shores, California 94065","Levels 15 & 16111 Elizabeth StreetSydney, NSW 2000Australia","P.O.B 519, ARK Mori Building 11F1-12-32 Akasaka, Minato-kuTokyo 107-6011  Japan","1300 I Street NWSuite 900Washington, D.C. 20005",Quinn Emanuel Urquhart & Sullivan (Schweiz) GmbHDufourstrasse 298008 ZürichSwitzerland,,,,,,,
N,,Davis Wright Tremaine,Zander Zavala,dwt.com,844-468-6398,scottadams@dwt.com,"Labor & Employment, Litigation","188 West Northern Lights Blvd. Suite 1100 Anchorage, AK 99503-3985","929 108th Avenue NE Suite 1500 Bellevue, WA 98004-4786","300 North LaSalle Street Suite 2200 Chicago, IL 60654","5870 West Jefferson Blvd. Suite H Los Angeles, CA 90016","865 South Figueroa Street Suite 2400 Los Angeles, CA 90017-2566","1251 Avenue of the Americas 21st Floor New York, NY 10020-1104","1300 SW Fifth Avenue Suite 2400 Portland, OR 97201-5610","4870 Sadler Road Suite 301 Glen Allen, VA 23060","50 California Street Suite 2300 San Francisco, CA 94111","920 Fifth Avenue Suite 3300 Seattle, WA 98104-1610","​1301 K Street NW Suite 500 East Washington, D.C. 20005",,,,,,,,,,,,,,,,,,,,,,,,,
Y,Litigation,Goodwin,Liv Green,goodwinlaw.com,212 813 8876,skock@goodwinlaw.com,Corporate And Litigation,"100 Northern AvenueBoston, MA 02210 United States","601 South Figueroa Street, Suite 4100Los Angeles, CA 90017 United States","The New York Times Building, 620 Eighth AvenueNew York, NY 10018 United States","One Commerce Square, 2005 Market St, 32nd floorPhiladelphia, Pennsylvania 19103 United States","Three Embarcadero Center, 28th FloorSan Francisco, CA 94111 United States","520 Broadway Suite #500Santa Monica, CA 90401 United States","601 Marshall StreetRedwood City, CA 94063 United States","1900 N Street NWWashington, DC 20036 United States","50-60 Station RoadCambridge, CB1 2JH United Kingdom","TaunusTurm, Taunustor 160310 Frankfurt am Main, Germany","100 CheapsideLondon, EC2V 6DY United Kingdom","40 Avenue MontereyL-2163 Luxembourg, Luxembourg","Max-Joseph-Straße 2Munich, 80333 Germany","12 rue d’Astorg75008 Paris, France","100 Northern AvenueBoston, MA 02210 United States","50-60 Station RoadCambridge, CB1 2JH United Kingdom","38/F Edinburgh Tower, The LandmarkCentral, Hong Kong, China",,,,,,,,,,,,,,,,,,,
Y,Employment,Willkie Farr & Gallagher,Anthony Shannon,willkie.com,202 303 1000,pburrell@willkie.com,Corporate,Rue Belliard 35/9 Belliardstraat 1040 Brussels,"300 North LaSalle Dr. Chicago, IL 60654-3406",An der Welle 4 D-60322 Frankfurt am Main,"600 Travis Street Houston, TX 77002","Citypoint, 1 Ropemaker Street London EC2Y 9AW","2029 Century Park East Los Angeles, CA 90067-2905","Via Michele Barozzi, 2 20122 Milan","787 Seventh Avenue New York, NY 10019-6099","1801 Page Mill Road Palo Alto, CA 94304",21 boulevard Malesherbes 75008 Paris,"Via di Ripetta, 142 00186 Rome","One Front Street San Francisco, CA 94111","1875 K Street, N.W. Washington, DC 20006-1238",,,,,,,,,,,,,,,,,,,,,,,
N,,Morrison Foerster,Harlee Lawrence,mofo.com,415-268-7000,tblakely@mofo.com,"Corporate, Litigation","300 Colorado StreetSuite 1800Austin, TX, 78701","1405 West Tower, World Financial Centre1 East 3rd Ring Middle Road, Chaoyang DistrictBeijing, China, 100020","Potsdamer Platz 113th FloorBerlin, Germany, 10785","John Hancock Tower200 Clarendon Street, Floor 21Boston, MA, 02116","Edinburgh Tower, 33/FThe Landmark, 15 Queen's Road CentralHong Kong, China","Boulevard Louis Schmidt 29Brussels, Belgium, 1040","4200 Republic Plaza370 Seventeenth StreetDenver, CO, 80202-5638","Suite 4401, HKRI Centre OneHKRI Taikoo Hui, 288 Shimen Road (No. 1)Shanghai, China, 200041","The Scalpel52 Lime StreetLondon, United Kingdom, EC3M 7AF","707 Wilshire BoulevardLos Angeles, CA, 90017-3543","50 Collyer Quay#12-01 OUE BayfrontSingapore, Singapore, 049321","600 Brickell AveSuite 1560Miami, FL, 33131","Shin-Marunouchi Building, 29th Floor5-1, Marunouchi 1-Chome, Chiyoda-ku,Tokyo, Japan, 100-6529","250 West 55th StreetNew York, NY, 10019-9601","755 Page Mill RoadPalo Alto, CA, 94304-1018","12531 High Bluff DriveSuite 100San Diego, CA, 92130-2040","425 Market StreetSan Francisco, CA, 94105-2482","2100 L Street, NWSuite 900Washington, D.C., 20037",,,,,,,,,,,,,,,,,,
N,,Blank Rome,Kaleb Miller,blankrome.com,312.776.2600,tom.belknap@blankrome.com,"Corporate, M&a And Securities, Cybersecurity And Data Privacy, Energy, Environment And Mass Torts, Equipment Leasing","444 West Lake Street Suite 1650 Chicago, IL 60606","1700 PNC Center 201 East Fifth Street Cincinnati, OH 45202","300 Crescent Court Suite 200 Dallas, TX 75201","Broward Financial Centre 500 East Broward Boulevard Fort Lauderdale, FL 33394","717 Texas Avenue Suite 1400 Houston, TX 77002","2029 Century Park East 6th Floor Los Angeles, CA 90067","1271 Avenue of the Americas New York, NY 10020","4 Park Plaza Suite 450 Irvine, CA 92614","One Logan Square 130 North 18th Street Philadelphia, PA 19103","Union Trust Building 501 Grant Street Pittsburgh, PA 15219","300 Carnegie Center Suite 220 Princeton, NJ 08540","8F, Two IFC 8 Century Avenue, Pudong Shanghai, China 200120","100 S. Ashley Drive Suite 600 Tampa, FL 33602","1825 Eye Street NW Washington, D.C. 20006","1201 N. Market Street Suite 800 Wilmington, DE 19801",,,,,,,,,,,,,,,,,,,,,
N,,Mayer Brown,Isabella Booth,mayerbrown.com,213 229 9500,mstokes@mayerbrown.com,Real Estate,"Avenue des Nerviens 85, 1040 Brussels, Belgium","SHS Quadra 06, Conjunto A, Bloco E, 13º Andar, Brasília - DF, 70316-109, Brazil","Rua Lauro Muller, 116 - Sala 3901 - Torre Do Rio Sul - Botafogo, Rio de Janeiro - RJ, 22290-160, Brazil","Rua do Rocio, 220 - 5º andar - Vila Olímpia, São Paulo - SP, 04552-000, Brazil","Rua João da Cruz, nº 50 - Sala 1201 - Ed. Praia Center - Praia do Canto, Vitória - ES, 29055-620, Brazil","Suite 2601, Tower 1 China Central Place No.81 Jianguo Road Chaoyang District Beijing 100025 P.R. China",Suite 3401 Jin Mao Tower No.88 Century Avenue Pudong New Area Shanghai 200121 P.R. China,201 Bishopsgate London EC2M 3AF United Kingdom,41 rue La Boétie Paris Cedex 08 F-75008 France,Königsallee 61 Düsseldorf D-40215 Germany,Taunusanlage 19 Frankfurt am Main D-60325 Germany,Prince’s Building Level 16 &17 Central Hong Kong SAR China,Marunouchi Park Building Main Tower Level 17 Tokyo Japan,Paseo de los Tamarindos No.100 Torre B Piso 7 Colonia Bosques de las Lomas Delegación Cuajimalpa Mexico City CP05120 Mexico,Bank of America Plaza Suite 3800 Charlotte NC 28280 USA,71 South Wacker Drive Chicago IL 60606 USA,Bank of America Center Suite 3400 Houston TX 77002 USA,Two California Plaza Suite 3500 Los Angeles CA 90071 USA,1221 Avenue of the Americas New York NY 10020 USA,Two Palo Alto Square Suite 300 Palo Alto CA 94306 USA,Wells Fargo Center Suite 1600 Salt Lake City UT 84111 USA,Two Palo Alto Square Suite San Francisco CA USA,1999 K Street NW Washington DC USA,,,,,,,,,,,,,
N,,ArentFox Schiff,Chaim Valdez,afslaw.com,888.414. 8658,joseph.krasovec@afslaw.com,"Corporate, Finance, Ip, Products Liability, Trusts","1717 K Street NW Washington, DC 20006 USA","233 South Wacker Drive, Suite 7100 Chicago, IL 60606 USA","1301 Avenue of the Americas, 42nd Floor New York, NY 10019 USA","555 West Fifth Street, 48th Floor Los Angeles, CA 90013 USA","800 Boylston Street, 32nd Floor Boston, MA 02199 USA","44 Montgomery Street, 38th Floor San Francisco, CA 94104 USA","One Westminster Place, Suite 200 Lake Forest, IL 60045 USA","350 South Main Street, Suite 210 Ann Arbor, MI 48104 USA",,,,,,,,,,,,,,,,,,,,,,,,,,,,
N,,Polsinelli,Diana Reyes,polsinelli.com,305-921-1800,radams@polsinelli.com,Real Estate,"3344 Peachtree Road NE, Suite 1200, Atlanta, GA 30326 USA","100 Cambridge Street, Suite 1400, Boston, MA 02114 USA","633 Chestnut Street, Suite 1800, Chattanooga, TN 37450 USA","150 North Riverside Plaza, Suite 3000, Chicago, IL 60606 USA","2950 N. Harwood Street, Suite 2100, Dallas, TX 75201 USA","1401 Lawrence Street, Suite 2300, Denver, CO 80202 USA","350 East Las Olas Boulevard, Suite 1600, Fort Lauderdale, FL 33301 USA","One Riverway, Suite 1700, Houston, TX 77056 USA","Polsinelli Building, 900 West 48th Place, Kansas City, MO 64112 USA","Century Park East, Suite 2800, Los Angeles, CA 90067 USA","Miami Tower at International Place, Suite 3900, Miami, FL 33131 USA","Fifth Third Center at One Nashville Place, Suite 2600, Nashville, TN 37219 USA","Times Square Tower at Seven Times Square, Suite 3500, New York City NY 10036 USA","One Renaissance Square at Two North Central Avenue, Suite 1900 Phoenix AZ 85004 USA","PNC Plaza at Two Hannover Square , Suite 2300 Raleigh NC 27601 USA","Wells Fargo Center at One Utah Center , Suite 1700 Salt Lake City UT 84111 USA","Symphony Towers at Two Symphony Center , Suite 620 San Diego CA 92101 USA","Four Embarcadero Center at Four Embarcadero Center , Suite 2800 San Francisco CA 94111 USA","Columbia Center at Columbia Center , Suite 2300 Seattle WA 98104 USA","One Metropolitan Square at One Metropolitan Square , Suite 1600 St. Louis MO 63102 USA","Metro Center at Metro Center , Suite 800 Washington DC DC20005 USA",,,,,,,,,,,,,,,
Y,Litigation,Squire Patton Boggs,Eli Castillo,squirepattonboggs.com,202 457 6000,itsupport@squirepb.com,Litigation,"Al Sila Tower, 27th Floor, Abu Dhabi Global Market Square, Al Maryah Island, Abu Dhabi, United Arab Emirates","303 Peachtree Street NE, Suite 4900, Atlanta, GA 30308 USA","Suite 2601, Tower 1 China Central Place No.81 Jianguo Road Chaoyang District Beijing 100025 P.R. China",Beirut Digital District Bldg. 1280 Bechara El Khoury Beirut Lebanon,Friedrichstraße 95 Berlin D-10117 Germany,Two Snowhill Snow Hill Queensway Birmingham B4 6GA United Kingdom,Otto-Lilienthal-Straße 36 Böblingen D-71034 Germany,Twin City Tower Mlynské Nivy 10 Bratislava 82109 Slovakia,Avenue Lloyd George 7 Brussels B-1000 Belgium,"First Financial Center, Suite 2700, 255 East Fifth Street Cincinnati OH 45202 USA","Key Tower, Suite 4900, 127 Public Square Cleveland OH 44114 USA1","One Columbus Office Center, Suite 600, Columbus OH 43215 USA",One Arts Plaza at 1722 Routh Street Suite 1500 Dallas TX 75201 USA,Wells Fargo Center at 1700 Lincoln Street Suite 4100 Denver CO 80203 USA,"Al Sila Tower, 27th Floor, Abu Dhabi Global Market Square, Al Maryah Island, Abu Dhabi, United Arab Emirates",Earlsfort Terrace Dublin D02 CK83 Ireland,Taunusanlage 17 Frankfurt am Main D-60325 Germany,Prince’s Building Level 16 &17 Central Hong Kong SAR China 1,Wells Fargo Plaza at 1000 Louisiana Street Suite 2800 Houston TX 77002 USA,No.1 Whitehall Riverside Whitehall Road Leeds LS1 4BN United Kingdom,Devonshire House One Mayfair Place London W1J8AJ United Kingdom 1,Two California Plaza at 350 South Grand Avenue Suite 3100 Los Angeles CA90071 USA 1,Paseo de la Castellana Madrid E28046 Spain,No.1 Spinningfields Hardman Square Manchester M3 3EB United Kingdom,Southeast Financial Center at 200 South Biscayne Boulevard Suite 4700 Miami FL33131 USA 1,Via Santa Margherita n.7 Milan I20121 Italy,One Newark Center at Raymond Boulevard and McCarter Highway Newark NJ07102 USA 1,Times Square Tower at Seven Times Square Suite 3000 New York NY10036 USA 1,Two Palo Alto Square at Suite300 Palo Alto CA94306 USA 12^.,Rue de la Bienfaisance Paris Cedex F75008 France 1,Level29 St Martins Tower44 St Georges Terrace Perth WA6000 Australia 1,One Renaissance Square at Two North Central Avenue Suite1900 Phoenix AZ85004 USA 1,Na Příkopě Prague CZ11000 Czech Republic 1,Four Embarcadero Center at Four Embarcadero Center Suite2800 San Francisco CA94111 USA,,
N,,Fox Rothschild,Eva Shields,foxrothschild.com,215.299. 2000,zshore@foxrothschild.com.,"Corporate, Labor & Employment","303 Peachtree Street NE, Suite 4900, Atlanta, GA 30308 USA1","2100 Pacific Avenue, Atlantic City, NJ 08401 USA","775 W. Jericho Turnpike, Suite 200, Jericho, NY 11753 USA","75 State Street, Suite 513, Boston, MA 02109 USA","214 N. Tryon Street, Suite 3000, Charlotte, NC 28202 USA","321 N. Clark Street, Suite 2800, Chicago, IL 60654 USA",One Arts Plaza at 1722 Routh Street Suite 1500 Dallas TX 75201 USA,Wells Fargo Center at 1700 Lincoln Street Suite4100 Denver CO80203 USA,"Eagleview Corporate Center at Wellington Square, Building 100, Suite 200, Exton PA19341 USA",One West Fourth Street at One West Fourth Street Suite200 Greensboro NC27401 USA,One Liberty Square at One Liberty Square Suite1200 Greenville SC29601 USA,Two Pershing Square at Two Pershing Square Suite1200 Kansas City MO64108 USA,Hughes Center at 3753 Howard Hughes Parkway Suite200 Las Vegas NV89169 USA,Two California Plaza at 350 South Grand Avenue Suite3100 Los Angeles CA90071 USA1,Southeast Financial Center at 200 South Biscayne Boulevard Suite4700 Miami FL33131 USA1,Fifth Street Towers at Fifth Street Towers Suite1700 Minneapolis MN55402 USA,Headquarters Plaza North Tower at Headquarters Plaza North Tower Morristown NJ07960 USA,Times Square Tower at Seven Times Square Suite3000 New York NY10036 USA1,Chase Tower at Chase Tower Suite1500 Oklahoma City OK73102 USA,Two Logan Square at Eighteenth and Arch Streets Philadelphia PA19103 USA 1,EQT Plaza at EQT Plaza Suite300 Pittsburgh PA15222 USA 1,Carnegie Center Drive at Carnegie Center Drive Princeton NJ08540 USA 1,"PNC Plaza at Two Hannover Square , Suite2300 Raleigh NC27601 USA 1",Four Embarcadero Center at Four Embarcadero Center Suite2800 San Francisco CA94111 USA 1,"Columbia Center at Columbia Center , Suite2300 Seattle WA98104 USA 1",Five Tower Bridge at Five Tower Bridge West Conshohocken PA19428 USA 1,"The Homer Building at The Homer Building ,Suite400 Washington DC20005 USA 1",,,,,,,,,
N,,Jenner & Block,Devon Moses,jenner.com,202 639 6877,ibhabha@jenner.com,Litigation,"353 N. Clark StreetChicago, IL 60654-3456","10 Exchange SquareLondon, UK EC2A 2BR","515 S. Flower StreetSuite 3300Los Angeles, CA 90071-2246","1155 Avenue of the AmericasNew York, NY 10036-2711","455 Market StreetSuite 2100San Francisco, CA 94105-2453","1099 New York Avenue, NWSuite 900Washington, DC 20001-4412",,,,,,,,,,,,,,,,,,,,,,,,,,,,,,
N,,Fisher Phillips,Karter Bradley,fisherphillips.com,404.231.1400,info@fisherphillips.com,Labor & Employment,"1230 Peachtree Street, NE Suite 3300 Atlanta, GA 30309 USA","100 International Drive, Suite 2000 Baltimore, MD 21202 USA","75 State Street, Suite 513, Boston, MA 02109 USA","227 West Trade Street, Suite 1550, Charlotte, NC 28202 USA","321 N. Clark Street, Suite 2800, Chicago, IL 60654 USA","Key Tower, Suite 4900, 127 Public Square Cleveland OH 44114 USA",Meridian Building at 1320 Main Street Suite300 Columbia SC29201 USA,"One Columbus Office Center, Suite600 Columbus OH43215 USA",One Arts Plaza at 1722 Routh Street Suite1500 Dallas TX75201 USA,Wells Fargo Center at 1700 Lincoln Street Suite4100 Denver CO80203 USA,One Woodward Avenue at One Woodward Avenue Suite1900 Detroit MI48226 USA,One East Broward Boulevard at One East Broward Boulevard Suite1200 Fort Lauderdale FL33301 USA,Hancock Whitney Plaza at Hancock Whitney Plaza Suite200 Gulfport MS39501 USA,Wells Fargo Plaza at 1000 Louisiana Street Suite2800 Houston TX77002 USA,"Park Tower at Park Tower ,Suite1250 Irvine CA92614 USA",Two Pershing Square at Two Pershing Square Suite1200 Kansas City MO64108 USA,Hughes Center at 3753 Howard Hughes Parkway Suite200 Las Vegas NV89169 USA,Two California Plaza at 350 South Grand Avenue Suite3100 Los Angeles CA90071 USA,"PNC Plaza at PNC Plaza ,Suite1900 Louisville KY40202 USA","Tysons Tower at Tysons Tower ,Suite700 McLean VA22102 USA","International Place II at International Place II ,Suite290 Memphis TN38120 USA","Paseo de la Reforma at Paseo de la Reforma ,No.115 Col. Lomas de Chapultepec Mexico City CP11000 Mexico 3.","Southeast Financial Center at Southeast Financial Center ,Suite4700 Miami FL33131 USA","Fifth Street Towers at Fifth Street Towers ,Suite1700 Minneapolis MN55402 USA","Fifth Third Center at One Nashville Place ,Suite2600 Nashville TN37219 USA",One Newark Center at Raymond Boulevard and McCarter Highway Newark NJ07102 USA,"Pan American Life Center at Pan American Life Center ,Suite250 New Orleans LA70130 USA","Times Square Tower at Seven Times Square ,Suite3000 New York NY10036 USA","SunTrust Center at SunTrust Center ,Suite140 Orlando FL32801 USA",Two Logan Square at Eighteenth and Arch Streets Philadelphia PA19103 USA,"One Renaissance Square at Two North Central Avenue ,Suite1900 Phoenix AZ85004 USA","EQT Plaza at EQT Plaza ,Suite300 Pittsburgh PA15222 USA","U.S. Bancorp Tower at U.S. Bancorp Tower ,Suite290 Portland OR97204 USA","Wells Fargo Center at Wells Fargo Center ,Suite400 Sacramento CA95814 USA","Symphony Towers at Symphony Towers ,Suite620 San Diego CA92101 USA","Four Embarcadero Center at Four Embarcadero Center ,Suite2800 San Francisco CA94111 USA"
N,,Withersworldwide,Richard Dunlap,withersworldwide.com,281 362 9909,hk.enquiries@withersworldwide.com,"Corporate, Venture, Finance, Tax, Intellectual Property, Banking","20 Collyer Quay, #17-02, Singapore 049319","28 State Street, Suite 1800, Boston, MA 02109 USA","1414 Massachusetts Avenue, Cambridge, MA 02138 USA","Rue de Lausanne 69, Geneva CH-1202 Switzerland","Greenwich Office Park at One Greenwich Office Park, Greenwich, CT 06831 USA","20th Floor, Alexandra House, Chater Road, Central Hong Kong SAR China",20 Old Bailey London EC4M 7AN United Kingdom3.,"633 West Fifth Street, Suite 4000 Los Angeles CA90071 USA",Via Santa Margherita n.7 Milan I20121 Italy,One Century Tower at 265 Church Street New Haven CT06510 USA,430 Park Avenue New York NY10022 USA,Via San Francesco 22 Padua I35121 Italy,6033 Avenida Encinas Suite 280 Carlsbad CA92011 USA,Symphony Towers at Two Symphony Center Suite620 San Diego CA92101 USA,Four Embarcadero Center at Four Embarcadero Center Suite2800 San Francisco CA94111 USA,20 Collyer Quay #17-02 Singapore 049319,Level 23 Governor Phillip Tower at Governor Phillip Tower Suite2301 Sydney NSW2000 Australia,"Marunouchi Building at Marunouchi Building ,Suite2501 Tokyo Japan100-0005",,,,,,,,,,,,,,,,,,
N,,Vedder Price,Iliana Castaneda,vedderprice.com,312 609 7500,,"Finance, Corporate, Labor And Employment, And Litigation","222 North LaSalle Street, Chicago, IL 60601 USA.","2001 Ross Avenue, Suite 3700, Dallas, TX 75201 USA.","69 Old Broad Street, London EC2M 1QS United Kingdom.","2049 Century Park East, Suite 2900, Los Angeles, CA 90067 USA.","1633 Broadway, New York, NY 10019 USA.","One California Street, Suite 2050, San Francisco, CA 94111 USA.","1270 Avenue of the Americas, New York, NY 10020 USA.",,,,,,,,,,,,,,,,,,,,,,,,,,,,,
N,,Knobbe Martens,Collin Woodard,knobbe.com,310-551-3450,info@knobbe.com,"Property, Technology, Patents, Trademarks, Ligitation",1155 Avenue of the Americas 24th Floor New York NY 10036 United States,"3579 Valley Centre Drive, Suite 300 San Diego CA 92130 United States",925 4th Ave #2500 Seattle WA 98104 United States,1925 Century Park East Suite 400 Los Angeles CA 90067 United States,2040 Main Street 14th Floor Irvine CA 92614 United States,"333 Bush Street, 21st Floor San Francisco CA 94104 United States",1717 Pennsylvania Avenue N.W. Suite 900 Washington DC 20006 United States,,,,,,,,,,,,,,,,,,,,,,,,,,,,,
N,,Hogan Lovells,Aubrie Cisneros,hoganlovells.com,202 637 5525,itchenya.dodd@hoganlovells.com,"Intellectual Property Litigation, General Corporate, Financial Securities, Litigation And Arbitration, Regulatory Compliance","Atrium Building, Strawinskylaan 4129, 1077 ZX Amsterdam, Netherlands 1","20/F, Tower 1, China Central Place, 81 Jianguo Road, Chaoyang District, Beijing 100025, China 1","Unter den Linden 14, 10117 Berlin, Germany 1","Avenue Louise 235, 1050 Brussels, Belgium 1","Váci Greens D épület, 5. emelet, Váci út 117-119., Budapest H-1138, Hungary 1","Untermainanlage 1, 60329 Frankfurt am Main, Germany 1","Alsterufer 21, 20354 Hamburg, Germany 1","11th Floor One Pacific Place, 88 Queensway Hong Kong SAR 1","Pennzoil Place South Tower, Suite 1500, 711 Louisiana Street Houston TX 77002 United States 2",Jalan Jenderal Sudirman Kav.71 SCBD Lot.11B Jakarta Selatan DKI Jakarta 12190 Indonesia 3,"The Firs Office Building, Cnr Biermann and Cradock Avenues Rosebank Johannesburg Gauteng South Africa 1",Atlantic House Holborn Viaduct London EC1A 2FG United Kingdom 1,Two California Plaza Suite 4000 Los Angeles CA 90071 United States 2,Rue des Bains 33 Luxembourg L-1212 Luxembourg 1,"Paseo de la Castellana, 50 - Planta 6ª Madrid Madrid E-28046 Spain 1",Paseo de los Tamarindos No.100 Torre II Piso 7 Col. Bosques de las Lomas Delegación Cuajimalpa de Morelos C.P.05120 México D.F. Mexico 2,Southeast Financial Center Suite 2700 Miami FL 33131 United States 2,Via Santa Margherita n.7 Milan Italy I -20121 Italy 1,Karl-Scharnagl-Ring 5 Munich D-80539 Germany 1,Avenue Franklin Roosevelt Paris France F -75008 France 1,Level 15 Exchange Tower Sherwood Court Perth WA Australia 2,Rua Lauro Muller nº116 Sala,Via Santa Maria dell’Anima n.30 Rome Italy I -00186 Italy 1,Three Embarcadero Center Suite 1500 San Francisco CA 94111 United States 2,Park Place No.1601 Nanjing Road West Jing An District Shanghai China PRC200040 China 2,OUE Bayfront Level #24 -01/02/03/04 Singapore Singapore S -018956 Singapore 2,Tower One - International Towers Sydney Level 35/100 Barangaroo Avenue Sydney NSW Australia 2,Roppongi Hills Mori Tower North Wing Level 18 Roppongi Tokyo Japan Japan,,,,,,,,
N,,Norton Rose Fulbright,Alden Richardson,nortonrosefulbright.com,212 408 5124,jonathan.herbst@nortonrosefulbright.com,"Corporate, M&a And Securities, Dispute Resolution And Litigation, Real Estate","3700, 400 3rd Avenue SW, Calgary, Alberta T2P 4H2","1 Place Ville Marie, Suite 2500, Montréal, Québec H3B 1R1","1500-45 O’Connor Street, Ottawa, Ontario K1P 1A4","500 Grande Allée Est, Suite 900, Québec City, Québec G1R 2J7","Royal Bank Plaza, South Tower, Suite 3800, 200 Bay Street, P.O. Box 84, Toronto, Ontario M5J 2Z4","1800-510 West Georgia Street, Vancouver, British Columbia V6B 0M3",98 San Jacinto Boulevard Suite 1100 Austin TX 78701-4255,2200 Ross Avenue Suite 3600 Dallas TX 75201-7932,One Tabor Center Suite 1600 1200 Seventeenth Street Denver CO 80202-5835,Fulbright Tower Suite 2800 1301 McKinney Street Houston TX 77010-3095,US Bank Tower Suite 3600 633 West Fifth Street Los Angeles CA 90071-2007,RBC Plaza Suite 2500 60 South Sixth Street Minneapolis MN 55402-4422,MetLife Building Suite 3300 200 Park Avenue New York NY 10166-0193,McCombs Plaza Suite 1100 755 East Mulberry Avenue San Antonio TX 78212-3166,The Homer Building Suite 900 East Tower Washington DC,,,,,,,,,,,,,,,,,,,,,
N,,Latham & Watkins,Allison Gonzales,lw.com,213.485.1234,jullia.carretta@lw.com,"Transactional, Litigation And Regulatory Practices","300 Colorado St, Suite 2400 Austin, TX 78701 United States1","200 Clarendon Street Boston, MA 02116 United States1","10250 Constellation Blvd., Suite 1100 Los Angeles, CA 90067 United States1","330 North Wabash Avenue, Suite 2800 Chicago, IL 60611 United States1","811 Main Street, Suite 3700 Houston, TX 77002 United States1","355 South Grand Avenue, Suite 100 Los Angeles, CA 90071 United States1","1271 Avenue of the Americas New York, NY 10020 United States12","650 Town Center Drive, 20th Floor Costa Mesa, CA 92626 United States1","12670 High Bluff Drive San Diego, CA 92130 United States1","505 Montgomery Street, Suite 2000 San Francisco, CA 94111 United States1","555 Eleventh Street, NW, Suite 1000 Washington, D.C., 20004 United States1",,,,,,,,,,,,,,,,,,,,,,,,,
N,,Loeb & Loeb,Brayden Kelly,loeb.com,310.788.7007,pgiangola@loeb.com,Corporate Practice Group,"10100 Santa Monica Boulevard, Suite 2200, Los Angeles CA 90067, USA1","345 Park Avenue, New York NY 10154, USA2","321 North Clark Street, Suite 2300, Chicago IL 60654, USA1","35 Music Square East, Suite 300, Nashville TN 37203, USA2","901 New York Avenue NW, Suite 300 East, Washington DC 20001, USA2","101 Montgomery Street, Suite 1900, San Francisco CA 94104, USA2",Unit 01-02 Level 10 Tower C Office Park No.5 Jinghua South Street Chaoyang District Beijing China 1000202,Unit 2208 Tower One Lippo Centre No.89 Queensway Admiralty Hong Kong2,,,,,,,,,,,,,,,,,,,,,,,,,,,,
N,,DLA Piper,Ruby Beard,dlapiper.com,410 580 3000,tmguide@dlapiper.com,"Corporate, Litigation, Real Estate",,,,,,,,,,,,,,,,,,,,,,,,,,,,,,,,,,,,
N,,Littler,Nathanael Burnett,littler.com,415 433-1940,,Labor & Employment,,,,,,,,,,,,,,,,,,,,,,,,,,,,,,,,,,,,
N,,Venable,Emberly Gonzales,venable.com,202.344.4900,pr@venable.com,"Litigation, Products Liability And Mass Torts, Commercial Disputes, Labor And Employment, Antitrust",,,,,,,,,,,,,,,,,,,,,,,,,,,,,,,,,,,,
N,,Jones Day,Brayden Hodges,jonesday.com,212.326.3830,ahuang@jonesday.com,"Litigation, Antitrust, Appellate, Global Disputes, Government Regulation, Intellectual Property, Issues And Appeals",,,,,,,,,,,,,,,,,,,,,,,,,,,,,,,,,,,,
Y,Employment,Ogletree Deakins,Eve Buckley,ogletree.com,844-781-6222,frankie.davies@bakermckenzie.com,Labor & Employment,,,,,,,,,,,,,,,,,,,,,,,,,,,,,,,,,,,,
Y,M&A,Baker McKenzie,Aryan Miller,bakermckenzie.com,312 861 8000,,"Corporate, Dispute Resolution, Employment",,,,,,,,,,,,,,,,,,,,,,,,,,,,,,,,,,,,
Y,M&A,Clifford Chance,Isabella Yoder,cliffordchance.com,212-878-8000,nomorecontact@cliffordchance.com,"Banking & Finance, Capital Markets, Corporate, Litigation & Dispute Resolution, Real Estate",,,,,,,,,,,,,,,,,,,,,,,,,,,,,,,,,,,,
Y,Litigation,Ropes & Gray,Johan Smith,ropesgray.com,212 596 9039,,"Corporate Trust, Debtor Representation, Distressed Asset Sales & Acquisitions, Official & Ad Hoc Committees, Restructuring Litigation",,,,,,,,,,,,,,,,,,,,,,,,,,,,,,,,,,,,
Y,M&A,"Sheppard, Mullin, Richter & Hampton",Olivia Hogan,sheppardmullin.com,213.455. 7760,keyer@sheppardmullin.com,"Corporate, Labor & Employment, Litigation, Real Estate",,,,,,,,,,,,,,,,,,,,,,,,,,,,,,,,,,,,
Y,Litigation,"Gibson, Dunn & Crutcher",Sonny Gregory,gibsondunn.com,213 229 7963,jbarrott@gibsondunn.com,"‎litigation, Intellectual Property, Real Estate",,,,,,,,,,,,,,,,,,,,,,,,,,,,,,,,,,,,
Y,Employment,Seyfarth Shaw,Alaya O’Neal,seyfarth.com,212 218-5500,mgrajski@seyfarth.com,"Corporate, Labor & Employment, Real Estate",,,,,,,,,,,,,,,,,,,,,,,,,,,,,,,,,,,,
N,,Sidley Austin,Eddie Manning,sidley.com,212 839 5300,tbergen@sidley.com,Litigation And Disputes,,,,,,,,,,,,,,,,,,,,,,,,,,,,,,,,,,,,
N,,Paul Hastings,Jennifer Wade,paulhastings.com,202 551 1700,jinahn@paulhastings.com,"Corporate, Labor & Employment, Litigation, Real Estate",,,,,,,,,,,,,,,,,,,,,,,,,,,,,,,,,,,,
N,,Greenberg Traurig,Jake King,gtlaw.com,212.801.9200,perryj@gtlaw.com,"Corporate, Labor & Employment, Litigation, Real Estate",,,,,,,,,,,,,,,,,,,,,,,,,,,,,,,,,,,,
N,,Cooley,Victoria Hester,cooley.com,415 693 2000,kleecarey@cooley.com,"Corporate, Litigation, Intellectual Property",,,,,,,,,,,,,,,,,,,,,,,,,,,,,,,,,,,,
N,,Reed Smith,Rene Carson,reedsmith.com,202 414 9200,rshrhelpdesk@reedsmith.com,"Corporate, Labor & Employment, Litigation",,,,,,,,,,,,,,,,,,,,,,,,,,,,,,,,,,,,
N,,Holland & Knight,Nalani Berger,hklaw.com,305-349-2134,millenniumbankreceivership@hklaw.com,"Corporate, Real Estate",,,,,,,,,,,,,,,,,,,,,,,,,,,,,,,,,,,,
Y,M&A,"Skadden, Arps, Slate, Meagher & Flom",Byron Espinoza,skadden.com,202.371.7000,info@skadden.com,"Corporate, Litigation",,,,,,,,,,,,,,,,,,,,,,,,,,,,,,,,,,,,
Y,Employment,Proskauer Rose,Lucille Barrera,proskauer.com,212.969.3000,jsouthern@proskauer.com,"Corporate, Labor & Employment, Litigation",,,,,,,,,,,,,,,,,,,,,,,,,,,,,,,,,,,,
N,,King & Spalding,Makai Logan,kslaw.com,404 572-4600,,Litigation,,,,,,,,,,,,,,,,,,,,,,,,,,,,,,,,,,,,
N,,Milbank,Kora Cisneros,milbank.com,212.530.5149,jdecarvalho@milbank.com,Corporate,,,,,,,,,,,,,,,,,,,,,,,,,,,,,,,,,,,,
N,,Perkins Coie,Alden Yates,perkinscoie.com,206.359.3143,webmaster@perkinscoie.com,"Labor & Employment, Litigation",,,,,,,,,,,,,,,,,,,,,,,,,,,,,,,,,,,,
N,,McGuireWoods,Charley Gaines,mcguirewoods.com,202 828 2818,kfarrell@mcguirewoods.com,"Corporate, Real Estate",,,,,,,,,,,,,,,,,,,,,,,,,,,,,,,,,,,,
N,,White & Case,Talon Savage,whitecase.com,212 819 8200,gmclean@whitecase.com,"Antitrust/competition, Asset Finance, Business & Human Rights, Capital Markets, Commercial Litigation",,,,,,,,,,,,,,,,,,,,,,,,,,,,,,,,,,,,
Y,Litigation,"Morgan, Lewis & Bockius",Louise Odom,morganlewis.com,617.341.7700,contactus@morganlewis.com,"Litigation, Corporate, Labor And Employment, And Intellectual Property",,,,,,,,,,,,,,,,,,,,,,,,,,,,,,,,,,,,
N,,Simpson Thacher & Bartlett,Kylian Jones,stblaw.com,212-455-2000,attyrec@stblaw.com,"Antitrust And Trade Regulation, Appellate, Asia Litigation, Bankruptcy Litigation, False Advertising Litigation",,,,,,,,,,,,,,,,,,,,,,,,,,,,,,,,,,,,
N,,Covington & Burling,Sophia Frazier,cov.com,212 841 1000,dschaefer@cov.com,"Corporate, Dispute Resolution, Employment, Life Sciences Regulatory",,,,,,,,,,,,,,,,,,,,,,,,,,,,,,,,,,,,
,,Cozen O’Connor,Callum Meyers,cozen.com,,,,,,,,,,,,,,,,,,,,,,,,,,,,,,,,,,,,,,,
,,"Mintz, Levin, Cohn, Ferris, Glovsky and Popeo",Leyla Duncan,www.mintz.com,,,,,,,,,,,,,,,,,,,,,,,,,,,,,,,,,,,,,,,
,,Barnes & Thornburg,Avery Beil,btlaw.com,,,,,,,,,,,,,,,,,,,,,,,,,,,,,,,,,,,,,,,
,,"Cadwalader, Wickersham & Taft",Itzel Holmes,www.cadwalader.com,,,,,,,,,,,,,,,,,,,,,,,,,,,,,,,,,,,,,,,
,,Bird & Bird,King Crane,www.twobirds.com,,,,,,,,,,,,,,,,,,,,,,,,,,,,,,,,,,,,,,,
,,Grandall Law Firm,Della Pearson,,,,,,,,,,,,,,,,,,,,,,,,,,,,,,,,,,,,,,,,
,,Deheng Law Offices,Gunner Chambers,,,,,,,,,,,,,,,,,,,,,,,,,,,,,,,,,,,,,,,,
,,Simmons & Simmons,Makayla Trevino,https://www.simmons-simmons.com/,,,,,,,,,,,,,,,,,,,,,,,,,,,,,,,,,,,,,,,
,,Littler Mendelson,Jaime Strickland,www.littler.com,,,,,,,,,,,,,,,,,,,,,,,,,,,,,,,,,,,,,,,
,,"Blake, Cassels & Graydon",Nia Everett,www.blakes.com,,,,,,,,,,,,,,,,,,,,,,,,,,,,,,,,,,,,,,,
,,Nelson Mullins Riley & Scarborough,Camilo Levy,nelsonmullins.com,,,,,,,,,,,,,,,,,,,,,,,,,,,,,,,,,,,,,,,
,,Gowling WLG,Flora Guevara,www.gowlingwlg.com,,,,,,,,,,,,,,,,,,,,,,,,,,,,,,,,,,,,,,,
,,Katten Muchin Rosenman,Tommy Howard,www.katten.com,,,,,,,,,,,,,,,,,,,,,,,,,,,,,,,,,,,,,,,
,,Lewis Brisbois Bisgaard & Smith,Sophie Kim,lewisbrisbois.com,,,,,,,,,,,,,,,,,,,,,,,,,,,,,,,,,,,,,,,
,,Baker Botts,Roman Lugo,www.bakerbotts.com,,,,,,,,,,,,,,,,,,,,,,,,,,,,,,,,,,,,,,,
,,Fenwick & West,Kaylie Madden,www.fenwick.com,,,,,,,,,,,,,,,,,,,,,,,,,,,,,,,,,,,,,,,
,,Pinsent Masons,Everest Wolfe,www.pinsentmasons.com,,,,,,,,,,,,,,,,,,,,,,,,,,,,,,,,,,,,,,,
,,Zhong Lun,Hallie Ross,http://www.zhonglun.com/en/,,,,,,,,,,,,,,,,,,,,,,,,,,,,,,,,,,,,,,,
,,Slaughter & May,Wesley Serrano,slaughterandmay.com,,,,,,,,,,,,,,,,,,,,,,,,,,,,,,,,,,,,,,,
,,Pillsbury Winthrop Shaw Pittman,Allie Rosas,www.pillsburylaw.com,,,,,,,,,,,,,,,,,,,,,,,,,,,,,,,,,,,,,,,
,,Hunton Andrews Kurth,Remi Ross,www.huntonak.com,,,,,,,,,,,,,,,,,,,,,,,,,,,,,,,,,,,,,,,
,,Baker & Hostetler,Peyton Wong,www.bakerlaw.com,,,,,,,,,,,,,,,,,,,,,,,,,,,,,,,,,,,,,,,
,,Bryan Cave Leighton Paisner,Walter Coleman,www.bclplaw.com,,,,,,,,,,,,,,,,,,,,,,,,,,,,,,,,,,,,,,,
,,Clyde & Co,Julia Mueller,clydeco.com,,,,,,,,,,,,,,,,,,,,,,,,,,,,,,,,,,,,,,,
,,O’Melveny & Myers,Albert Booth,omm.com,,,,,,,,,,,,,,,,,,,,,,,,,,,,,,,,,,,,,,,
,,Vinson & Elkins,Zariyah Murillo,www.velaw.com,,,,,,,,,,,,,,,,,,,,,,,,,,,,,,,,,,,,,,,
,,AllBright Law Offices,Lance Reyna,AllBrightLaw.com,,,,,,,,,,,,,,,,,,,,,,,,,,,,,,,,,,,,,,,
,,"Fried, Frank, Harris, Shriver & Jacobson",Luella Cline,www.friedfrank.com,,,,,,,,,,,,,,,,,,,,,,,,,,,,,,,,,,,,,,,
,,Faegre Drinker,Cullen Garrett,www.faegredrinker.com,,,,,,,,,,,,,,,,,,,,,,,,,,,,,,,,,,,,,,,
,,"Cravath, Swaine & Moore",Tessa Curtis,www.cravath.com,,,,,,,,,,,,,,,,,,,,,,,,,,,,,,,,,,,,,,,
,,Shearman & Sterling,Muhammad Davenport,www.shearman.com,,,,,,,,,,,,,,,,,,,,,,,,,,,,,,,,,,,,,,,
,,Alston & Bird,Adrian,www.alston.com,,,,,,,,,,,,,,,,,,,,,,,,,,,,,,,,,,,,,,,
,,Foley & Lardner,,www.foley.com,,,,,,,,,,,,,,,,,,,,,,,,,,,,,,,,,,,,,,,
,,Troutman Pepper,,www.troutman.com,,,,,,,,,,,,,,,,,,,,,,,,,,,,,,,,,,,,,,,
,,Arnold & Porter Kaye Scholer,,arnoldporter.com,,,,,,,,,,,,,,,,,,,,,,,,,,,,,,,,,,,,,,,
,,Ashurst,,www.ashurst.com,,,,,,,,,,,,,,,,,,,,,,,,,,,,,,,,,,,,,,,
,,"Wachtell, Lipton, Rosen & Katz",,www.wlrk.com,,,,,,,,,,,,,,,,,,,,,,,,,,,,,,,,,,,,,,,
,,Kim & Chang,,kimchang.com,,,,,,,,,,,,,,,,,,,,,,,,,,,,,,,,,,,,,,,
,,Winston & Strawn,,www.winston.com,,,,,,,,,,,,,,,,,,,,,,,,,,,,,,,,,,,,,,,
,,K&L Gates,,www.klgates.com,,,,,,,,,,,,,,,,,,,,,,,,,,,,,,,,,,,,,,,
,,Akin Gump Strauss Hauer & Feld,,www.akingump.com,,,,,,,,,,,,,,,,,,,,,,,,,,,,,,,,,,,,,,,
,,Morrison & Foerster,,www.mofo.com,,,,,,,,,,,,,,,,,,,,,,,,,,,,,,,,,,,,,,,
,,Yingke,,www.yingkelawyer.com,,,,,,,,,,,,,,,,,,,,,,,,,,,,,,,,,,,,,,,
,,Wilmer Cutler Pickering Hale and Dorr,,wilmerhale.com,,,,,,,,,,,,,,,,,,,,,,,,,,,,,,,,,,,,,,,
,,"Orrick, Herrington & Sutcliffe",,www.orrick.com,,,,,,,,,,,,,,,,,,,,,,,,,,,,,,,,,,,,,,,
,,Debevoise & Plimpton,,www.debevoise.com,,,,,,,,,,,,,,,,,,,,,,,,,,,,,,,,,,,,,,,
,,"Wilson, Sonsini, Goodrich & Rosati",,,,,,,,,,,,,,,,,,,,,,,,,,,,,,,,,,,,,,,,,
,,Dechert,,dechert.com,,,,,,,,,,,,,,,,,,,,,,,,,,,,,,,,,,,,,,,
,,Cleary Gottlieb Steen & Hamilton,,www.clearygottlieb.com,,,,,,,,,,,,,,,,,,,,,,,,,,,,,,,,,,,,,,,
,,King & Wood Mallesons,,www.kwm.com,,,,,,,,,,,,,,,,,,,,,,,,,,,,,,,,,,,,,,,
,,Eversheds Sutherland,,www.eversheds-sutherland.com,,,,,,,,,,,,,,,,,,,,,,,,,,,,,,,,,,,,,,,
,,Herbert Smith Freehills,,herbertsmithfreehills.com,,,,,,,,,,,,,,,,,,,,,,,,,,,,,,,,,,,,,,,
,,"McDermott, Will & Emery",,mwe.com,,,,,,,,,,,,,,,,,,,,,,,,,,,,,,,,,,,,,,,
,,Sullivan & Cromwell,,sullcrom.com,,,,,,,,,,,,,,,,,,,,,,,,,,,,,,,,,,,,,,,
,,"Paul, Weiss, Rifkind, Wharton & Garrison",,paulweiss.com,,,,,,,,,,,,,,,,,,,,,,,,,,,,,,,,,,,,,,,
,,"Weil, Gotshal & Manges",,weil.com,,,,,,,,,,,,,,,,,,,,,,,,,,,,,,,,,,,,,,,
,,Davis Polk & Wardwell,,www.davispolk.com,,,,,,,,,,,,,,,,,,,,,,,,,,,,,,,,,,,,,,,
,,Goodwin Procter,,goodwinlaw.com,,,,,,,,,,,,,,,,,,,,,,,,,,,,,,,,,,,,,,,
,,CMS,,cms.law,,,,,,,,,,,,,,,,,,,,,,,,,,,,,,,,,,,,,,,
,,Freshfields Bruckhaus Deringer,,www.freshfields.com,,,,,,,,,,,,,,,,,,,,,,,,,,,,,,,,,,,,,,,
,,Linklaters,,linklaters.com,,,,,,,,,,,,,,,,,,,,,,,,,,,,,,,,,,,,,,,
,,Allen & Overy,,www.allenovery.com,,,,,,,,,,,,,,,,,,,,,,,,,,,,,,,,,,,,,,,
,,Dentons,,www.dentons.com,,,,,,,,,,,,,,,,,,,,,,,,,,,,,,,,,,,,,,,